﻿ID,Sex,Estimated Age,Weight,Collar Type,Collar Brand,Planned Schedule,Project Leader,Contact,,,
1,Female,3,60,GPS Globalstar,Northstar,4 h,"Roy T. McBride, Jr., Jeffrey J. Thompson","rocktmcbride@yahoo.com, jthompson.py@gmail.com",,,
2,Female,9,45,GPS Globalstar,Northstar,4 h,"Roy T. McBride, Jr., Jeffrey J. Thompson","rocktmcbride@yahoo.com, jthompson.py@gmail.com",,,
3,Male,6,101,GPS Globalstar,Northstar,4 h,"Roy T. McBride, Jr., Jeffrey J. Thompson","rocktmcbride@yahoo.com, jthompson.py@gmail.com",,,
4,Female,4,68,GPS Globalstar,Northstar,4 h,"Roy T. McBride, Jr., Jeffrey J. Thompson","rocktmcbride@yahoo.com, jthompson.py@gmail.com",,,
5,Female,6,74,GPS Globalstar,Northstar,4 h,"Roy T. McBride, Jr., Jeffrey J. Thompson","rocktmcbride@yahoo.com, jthompson.py@gmail.com",,,
6,Male,4,91,GPS Globalstar,Northstar,4 h,"Roy T. McBride, Jr., Jeffrey J. Thompson","rocktmcbride@yahoo.com, jthompson.py@gmail.com",,,
7,Male,10,110,GPS Globalstar,Northstar,4 h,"Roy T. McBride, Jr., Jeffrey J. Thompson","rocktmcbride@yahoo.com, jthompson.py@gmail.com",,,
8,Male,2,59,GPS Globalstar,Northstar,4 h,"Roy T. McBride, Jr., Jeffrey J. Thompson","rocktmcbride@yahoo.com, jthompson.py@gmail.com",,,
9,Female,1,NA,GPS Globalstar,Telonics,2 h from 1800 to 0600 h,"Roy T. McBride, Jr., Jeffrey J. Thompson","rocktmcbride@yahoo.com, jthompson.py@gmail.com",,,
10,Female,6,NA,GPS Globalstar,Telonics,2 h from 1800 to 0600 h,"Roy T. McBride, Jr., Jeffrey J. Thompson","rocktmcbride@yahoo.com, jthompson.py@gmail.com",,,
11,Female,9,NA,GPS Globalstar,Telonics,2 h from 1800 to 0600 h,"Roy T. McBride, Jr., Jeffrey J. Thompson","rocktmcbride@yahoo.com, jthompson.py@gmail.com",,,
12,Female,4,"70,5",GPS Iridium,Lotek,1h,Daniel Kantek and Ronaldo Morato,daniel.kantek@icmbio.gov.br,,,
13,Male,8,101,GPS Iridium,Lotek,1h,Daniel Kantek and Ronaldo Morato,daniel.kantek@icmbio.gov.br,,,
14,Male,5,112,GPS Iridium,Lotek,1h,Rogerio de Paula and Mario Haberfeld,rogerio.paula@icmbio.gov.br,,,
15,Male,5,115,GPS Iridium,Lotek,1h,Rogerio de Paula and Mario Haberfeld,rogerio.paula@icmbio.gov.br,,,
16,Male,5,90,GPS Globalstar,Northstar,4 h,"Roy T. McBride, Jr., Jeffrey J. Thompson","rocktmcbride@yahoo.com, jthompson.py@gmail.com",,,
17,Male,2,55,GPS Globalstar,Northstar,4 h,Leandro Silveira and Anah Jácomo,l.silveira @jaguar.org.br,,,
18,Male,5,110,GPS Iridium,Lotek,1h,Daniel Kantek and Ronaldo Morato,daniel.kantek@icmbio.gov.br,,,
19,Female,10,85,GPS Iridium,Lotek,1h,Rogerio de Paula and Mario Haberfeld,rogerio.paula@icmbio.gov.br,,,
20,Male,5,37,GPS Iridium,Sirtrack,1h,Ronaldo Morato,ronaldo.morato@icmbio.gov.br,,,
21,Female,5,56,GPS Globalstar,Northstar,4 h,"Roy T. McBride, Jr., Jeffrey J. Thompson","rocktmcbride@yahoo.com, jthompson.py@gmail.com",,,
22,Male,7,80,GPS Iridium,Lotek,1h,Daniel Kantek and Ronaldo Morato,daniel.kantek@icmbio.gov.br,,,
23,Male,4,68.4,GPS Iridium,Lotek,1h,Daniel Kantek and Ronaldo Morato,daniel.kantek@icmbio.gov.br,,,
24,Male,5,80,GPS Globalstar,Northstar,4 h,Leandro Silveira and Anah Jácomo,l.silveira @jaguar.org.br,,,
25,Female,10,90,GPS Iridium,Lotek,1h,Rogerio de Paula and Mario Haberfeld,rogerio.paula@icmbio.gov.br,,,
26,Female,3,42,GPS Iridium,Lotek,2h,Victor Montalvo,vmontalvog@gmail.com,,,
27,Female,6,61,GPS Globalstar,Vectronic Aerospace,4h,"Allison Devlin, Peter Crawshaw, Fernando Tortato, Rafael Hoogesteijn, Howard Quigley",adevlin@panthera.org,,,
28,Female,3,NA,GPS Globalstar,Vectronic Aerospace,4h,"Allison Devlin, Peter Crawshaw, Fernando Tortato, Rafael Hoogesteijn, Howard Quigley",adevlin@panthera.org,,,
29,Female,10,65,GPS Globalstar,Vectronic Aerospace,4h,"Allison Devlin, Peter Crawshaw, Fernando Tortato, Rafael Hoogesteijn, Howard Quigley",adevlin@panthera.org,,,
30,Female,7,64,GPS Globalstar,Vectronic Aerospace,4h,"Allison Devlin, Peter Crawshaw, Fernando Tortato, Rafael Hoogesteijn, Howard Quigley",adevlin@panthera.org,,,
31,Female,11,93,GPS Globalstar,Vectronic Aerospace,4h,"Allison Devlin, Peter Crawshaw, Fernando Tortato, Rafael Hoogesteijn, Howard Quigley",adevlin@panthera.org,,,
32,Female,8,70,GPS Globalstar,Vectronic Aerospace,4h,"Allison Devlin, Peter Crawshaw, Fernando Tortato, Rafael Hoogesteijn, Howard Quigley",adevlin@panthera.org,,,
33,Female,6,72,GPS Globalstar,Vectronic Aerospace,4h,"Allison Devlin, Peter Crawshaw, Fernando Tortato, Rafael Hoogesteijn, Howard Quigley",adevlin@panthera.org,,,
34,Female,7,68,GPS store-on-board,Televilt,8h,Laury Cullen,laurycullen@gmail.com,,,
35,Female,4,59,GPS store-on-board,Televilt,8h,Laury Cullen,laurycullen@gmail.com,,,
36,Female,7,56,GPS store-on-board,Televilt,8h,Laury Cullen,laurycullen@gmail.com,,,
37,Female,5,86,GPS store-on-board,Televilt,8h,Laury Cullen,laurycullen@gmail.com,,,
38,Female,NA,55,GPS store-on-board,Televilt,8h,Laury Cullen,laurycullen@gmail.com,,,
39,Female,7,64,GPS store-on-board,Televilt,8h,Laury Cullen and Denis Sana,laurycullen@gmail.com and denis.sana@uol.com.br,,,
40,Female,3.5,68,GPS store-on-board,Televilt,8h,Laury Cullen and Denis Sana,laurycullen@gmail.com and denis.sana@uol.com.br,,,
41,Female,4,82.5,GPS Iridium,Lotek,1h,Daniel Kantek and Ronaldo Morato,daniel.kantek@icmbio.gov.br,,,
42,Male,7,71,GPS remote download,Televilt,0.5,Agustin Paviolo,paviolo4@gmail.com,,,
43,Female,8,32,GPS Iridium,ATS,2h,Ivonne Cassaigne and Ron Thompson,icassaigne@yahoo.com,,,
44,Female,6,34,GPS Argos,Telonics,4.8 h,J. Antonio de la Torre,adelatorre@iecologia.unam.mx,,,
45,Female,8,36,GPS Argos,Telonics,4.8 h,J. Antonio de la Torre,adelatorre@iecologia.unam.mx,,,
46,Female,5,33,GPS Argos,Telonics,4.8 h,J. Antonio de la Torre,adelatorre@iecologia.unam.mx,,,
47,Male,4,50,GPS Argos,Telonics,4.8 h,J. Antonio de la Torre,adelatorre@iecologia.unam.mx,,,
48,Male,10,55,GPS Argos,Telonics,4.8 h,J. Antonio de la Torre,adelatorre@iecologia.unam.mx,,,
49,Male,3,NA,GPS IRIDIUM,Lotek,2HR,Octavio Monroy-Vilchis,tavomonroyvilchis@gmail.com,,,
50,Male,8,43,GPS Iridium,Lotek,1h,Ronaldo Morato,ronaldo.morato@icmbio.gov.br,,,
51,Male,6,99,GPS Globalstar,Northstar,4 h,"Roy T. McBride, Jr., Jeffrey J. Thompson","rocktmcbride@yahoo.com, jthompson.py@gmail.com",,,
52,Female,5,77.8,GPS Iridium,Lotek,1h,Daniel Kantek and Ronaldo Morato,daniel.kantek@icmbio.gov.br,,,
53,Male,8,105,GPS Globalstar,Vectronic Aerospace,4h,"Allison Devlin, Peter Crawshaw, Fernando Tortato, Rafael Hoogesteijn, Howard Quigley",adevlin@panthera.org,,,
54,Male,NA,NA,GPS Globalstar,Vectronic Aerospace,4h,"Allison Devlin, Peter Crawshaw, Fernando Tortato, Rafael Hoogesteijn, Howard Quigley",adevlin@panthera.org,,,
55,Male,9,110,GPS Globalstar,Vectronic Aerospace,4h,"Allison Devlin, Peter Crawshaw, Fernando Tortato, Rafael Hoogesteijn, Howard Quigley",adevlin@panthera.org,,,
56,Male,8,100,GPS Globalstar,Vectronic Aerospace,4h,"Allison Devlin, Peter Crawshaw, Fernando Tortato, Rafael Hoogesteijn, Howard Quigley",adevlin@panthera.org,,,
57,Male,6,80,GPS Globalstar,Vectronic Aerospace,4h,"Allison Devlin, Peter Crawshaw, Fernando Tortato, Rafael Hoogesteijn, Howard Quigley",adevlin@panthera.org,,,
58,Male,6,90,GPS store-on-board,Televilt,8h,Laury Cullen,laurycullen@gmail.com,,,
59,Male,10,110,GPS Globalstar,Vectronic Aerospace,4h,"Allison Devlin, Peter Crawshaw, Fernando Tortato, Rafael Hoogesteijn, Howard Quigley",adevlin@panthera.org,,,
60,Male,8,115,GPS Globalstar,Vectronic Aerospace,4h,"Allison Devlin, Peter Crawshaw, Fernando Tortato, Rafael Hoogesteijn, Howard Quigley",adevlin@panthera.org,,,
61,Male,9,75,GPS Globalstar,Vectronic Aerospace,4h,"Allison Devlin, Peter Crawshaw, Fernando Tortato, Rafael Hoogesteijn, Howard Quigley",adevlin@panthera.org,,,
62,Male,8,98,GPS store-on-board,Televilt,8h,Laury Cullen,laurycullen@gmail.com,,,
63,Male,5,79,GPS store-on-board,Televilt,8h,Laury Cullen and Denis Sana,laurycullen@gmail.com and denis.sana@uol.com.br,,,
64,Male,5,50,GPS Iridium,ATS,2h,Ivonne Cassaigne and Ron Thompson,icassaigne@yahoo.com,,,
65,Female,2,48,GPS Globalstar,Northstar,4 h,Leandro Silveira and Anah Jácomo,l.silveira @jaguar.org.br,,,
66,Female,2,48,GPS Globalstar,Lotek,2h,Marina Xavier da Silva,xavier.marina@gmail.com,,,
67,Female,2,49,GPS Globalstar,Northstar,4 h,Leandro Silveira and Anah Jácomo,l.silveira @jaguar.org.br,,,
68,Male,10,110,GPS Iridium,Lotek,1h,Rogerio de Paula and Mario Haberfeld,rogerio.paula@icmbio.gov.br,,,
69,Female,3,82,GPS Iridium,Lotek,1h,Rogerio de Paula and Mario Haberfeld,rogerio.paula@icmbio.gov.br,,,
70,Male,5,89,GPS store-on-board,Telonics,4 h,"Roy T. McBride, Jr., Jeffrey J. Thompson","rocktmcbride@yahoo.com, jthompson.py@gmail.com",,,
71,Female,9,41,GPS store-on-board,Telonics,4 h,"Roy T. McBride, Jr., Jeffrey J. Thompson","rocktmcbride@yahoo.com, jthompson.py@gmail.com",,,
72,Male,2,40,GPS store-on-board,Telonics,4 h,"Roy T. McBride, Jr., Jeffrey J. Thompson","rocktmcbride@yahoo.com, jthompson.py@gmail.com",,,
73,Male,5,84,GPS store-on-board,Telonics,4 h,"Roy T. McBride, Jr., Jeffrey J. Thompson","rocktmcbride@yahoo.com, jthompson.py@gmail.com",,,
74,Female,4,66,GPS store-on-board,Telonics,4 h,"Roy T. McBride, Jr., Jeffrey J. Thompson","rocktmcbride@yahoo.com, jthompson.py@gmail.com",,,
75,Female,2,66,GPS store-on-board,Telonics,4 h,"Roy T. McBride, Jr., Jeffrey J. Thompson","rocktmcbride@yahoo.com, jthompson.py@gmail.com",,,
76,Female,6,51,GPS store-on-board,Telonics,4 h,"Roy T. McBride, Jr., Jeffrey J. Thompson","rocktmcbride@yahoo.com, jthompson.py@gmail.com",,,
77,Male,7,105,GPS store-on-board,Telonics,4 h,"Roy T. McBride, Jr., Jeffrey J. Thompson","rocktmcbride@yahoo.com, jthompson.py@gmail.com",,,
78,Female,6,61,GPS store-on-board,Telonics,4 h,"Roy T. McBride, Jr., Jeffrey J. Thompson","rocktmcbride@yahoo.com, jthompson.py@gmail.com",,,
79,Female,10,76,GPS Iridium,Lotek,1h,Rogerio de Paula and Mario Haberfeld,rogerio.paula@icmbio.gov.br,,,
80,Male,1.5,42,GPS remote download,Televilt,1.5 h,Marina Xavier da Silva,xavier.marina@gmail.com,,,
81,Male,4,100,GPS Iridium,Lotek,2h,Daniel Kantek and Ronaldo Morato,daniel.kantek@icmbio.gov.br,,,
82,Male,6,110,GPS Globalstar,Northstar,4 h,Leandro Silveira and Anah Jácomo,l.silveira @jaguar.org.br,,,
83,Male,"3,5",58,GPS remote download,Televilt,4h,Marina Xavier da Silva,xavier.marina@gmail.com,,,
84,Female,7,95,GPS Iridium,Lotek,1h,Rogerio de Paula and Mario Haberfeld,rogerio.paula@icmbio.gov.br,,,
85,Male,2,52,GPS Globalstar,Northstar,4 h,Leandro Silveira and Anah Jácomo,l.silveira @jaguar.org.br,,,
86,Female,10,90,GPS Iridium,Lotek,1h,Rogerio de Paula and Mario Haberfeld,rogerio.paula@icmbio.gov.br,,,
87,Female,5,90,GPS Iridium,Lotek,1h,Rogerio de Paula and Mario Haberfeld,rogerio.paula@icmbio.gov.br,,,
88,Female,5,65.7,GPS Globalstar,Lotek,2h,Daniel Kantek and Ronaldo Morato,daniel.kantek@icmbio.gov.br,,,
89,Male,6,95,GPS Globalstar,Northstar,6h,Marina Motta de Carvalho,mmaribio@gmail.com,,,
90,Female,6,52,GPS Globalstar,Lotek,2h,Agustin Paviolo,paviolo4@gmail.com,,,
91,Male,4,102,GPS remote download,Televilt,6h,Daniel Kantek and Ronaldo Morato,daniel.kantek@icmbio.gov.br,,,
92,Female,4,70,GPS remote download,Televilt,6h,Daniel Kantek and Ronaldo Morato,daniel.kantek@icmbio.gov.br,,,
93,Male,7,50,GPS Argos,Telonics,6h,Emiliano Esterci Ramalho,eeramalho@gmail.com,,,
94,Male,7,NA,GPS Argos,Telonics,6h,Emiliano Esterci Ramalho,eeramalho@gmail.com,,,
95,Male,8,49,GPS Argos,Telonics,2h,Emiliano Esterci Ramalho,eeramalho@gmail.com,,,
96,Female,6,42,GPS Argos,Telonics,6h,Emiliano Esterci Ramalho,eeramalho@gmail.com,,,
97,Male,7,55,GPS Argos,Telonics,6h,Emiliano Esterci Ramalho,eeramalho@gmail.com,,,
98,Female,11,NA,GPS Argos,Telonics,5h,Emiliano Esterci Ramalho,eeramalho@gmail.com,,,
99,Female,4,40,GPS Argos,Telonics,2h,Emiliano Esterci Ramalho,eeramalho@gmail.com,,,
100,Female,6,NA,GPS Argos,Telonics,6h,Emiliano Esterci Ramalho,eeramalho@gmail.com,,,
101,Male,7,115,GPS Globalstar,Northstar,6h,Gediendson and Lucas,gediendson@gmail.com,,,
102,Female,7,92,GPS Globalstar,Northstar,6h,Gediendson and Lucas,gediendson@gmail.com,,,
103,Female,1.5,60,GPS Globalstar,Northstar,6h,Gediendson and Lucas,gediendson@gmail.com,,,
104,Male,5,130,GPS Globalstar,Northstar,6h,Gediendson and Lucas,gediendson@gmail.com,,,
105,Female,3,70,GPS remote download,Televilt,3h,Fernando C. C. Azevedo,fazevedo@ufsj.edu.br,,,
106,Male,3,112,GPS remote download,Televilt,3h,Fernando C. C. Azevedo,fazevedo@ufsj.edu.br,,,
107,Male,9,124,GPS remote download,Televilt,3h,Fernando C. C. Azevedo,fazevedo@ufsj.edu.br,,,
108,Male,7,128,GPS remote download,Televilt,3h,Fernando C. C. Azevedo,fazevedo@ufsj.edu.br,,,
109,Female,3.5,68,GPS remote download,Televilt,3h,Fernando C. C. Azevedo,fazevedo@ufsj.edu.br,,,
110,Male,4,110,GPS remote download,Televilt,3h,Fernando C. C. Azevedo,fazevedo@ufsj.edu.br,,,
111,Female,8,92,GPS remote download,Televilt,3h,Fernando C. C. Azevedo,fazevedo@ufsj.edu.br,,,
112,Female,0.8,22,GPS remote download,Televilt,3h,Fernando C. C. Azevedo,fazevedo@ufsj.edu.br,,,
113,Female,4.5,80,GPS remote download,Televilt,3h,Fernando C. C. Azevedo,fazevedo@ufsj.edu.br,,,
114,Female,8,76,GPS remote download,Televilt,3h,Fernando C. C. Azevedo,fazevedo@ufsj.edu.br,,,
115,Female,2,44,GPS remote download,Televilt,3h,Fernando C. C. Azevedo,fazevedo@ufsj.edu.br,,,
116,Male,6,96,GPS Iridium,Lotek,1h,Daniel Kantek and Ronaldo Morato,daniel.kantek@icmbio.gov.br,,,
117,Female,6,70,GPS Iridium,Lotek,1h,Daniel Kantek and Ronaldo Morato,daniel.kantek@icmbio.gov.br,,,
,,,,,,,,,,,
,,,,,,,,,,,
,,,,,,,,,,,
,,,,,,,,,,,
,,,,,,,,,,,
,,,,,,,,,,,
,,,,,,,,,,,
,,,,,,,,,,,
,,,,,,,,,,,
,,,,,,,,,,,
,,,,,,,,,,,
,,,,,,,,,,,
,,,,,,,,,,,
,,,,,,,,,,,
,,,,,,,,,,,
,,,,,,,,,,,
,,,,,,,,,,,
,,,,,,,,,,,
,,,,,,,,,,,
,,,,,,,,,,,
,,,,,,,,,,,
,,,,,,,,,,,
,,,,,,,,,,,
,,,,,,,,,,,
,,,,,,,,,,,
,,,,,,,,,,,
,,,,,,,,,,,
,,,,,,,,,,,
,,,,,,,,,,,
,,,,,,,,,,,
,,,,,,,,,,,
,,,,,,,,,,,
,,,,,,,,,,,
,,,,,,,,,,,
,,,,,,,,,,,
,,,,,,,,,,,
,,,,,,,,,,,
,,,,,,,,,,,
,,,,,,,,,,,
,,,,,,,,,,,
,,,,,,,,,,,
,,,,,,,,,,,
,,,,,,,,,,,
,,,,,,,,,,,
,,,,,,,,,,,
,,,,,,,,,,,
,,,,,,,,,,,
,,,,,,,,,,,
,,,,,,,,,,,
,,,,,,,,,,,
,,,,,,,,,,,
,,,,,,,,,,,
,,,,,,,,,,,
,,,,,,,,,,,
,,,,,,,,,,,
,,,,,,,,,,,
,,,,,,,,,,,
,,,,,,,,,,,
,,,,,,,,,,,
,,,,,,,,,,,
,,,,,,,,,,,
,,,,,,,,,,,
,,,,,,,,,,,
,,,,,,,,,,,
,,,,,,,,,,,
,,,,,,,,,,,
,,,,,,,,,,,
,,,,,,,,,,,
,,,,,,,,,,,
,,,,,,,,,,,
,,,,,,,,,,,
,,,,,,,,,,,
,,,,,,,,,,,
,,,,,,,,,,,
,,,,,,,,,,,
,,,,,,,,,,,
,,,,,,,,,,,
,,,,,,,,,,,
,,,,,,,,,,,
,,,,,,,,,,,
,,,,,,,,,,,
,,,,,,,,,,,
,,,,,,,,,,,
,,,,,,,,,,,
,,,,,,,,,,,
,,,,,,,,,,,
,,,,,,,,,,,
,,,,,,,,,,,
,,,,,,,,,,,
,,,,,,,,,,,
,,,,,,,,,,,
,,,,,,,,,,,
,,,,,,,,,,,
,,,,,,,,,,,
,,,,,,,,,,,
,,,,,,,,,,,
,,,,,,,,,,,
,,,,,,,,,,,
,,,,,,,,,,,
,,,,,,,,,,,
,,,,,,,,,,,
,,,,,,,,,,,
,,,,,,,,,,,
,,,,,,,,,,,
,,,,,,,,,,,
,,,,,,,,,,,
,,,,,,,,,,,
,,,,,,,,,,,
,,,,,,,,,,,
,,,,,,,,,,,
,,,,,,,,,,,
,,,,,,,,,,,
,,,,,,,,,,,
,,,,,,,,,,,
,,,,,,,,,,,
,,,,,,,,,,,
,,,,,,,,,,,
,,,,,,,,,,,
,,,,,,,,,,,
,,,,,,,,,,,
,,,,,,,,,,,
,,,,,,,,,,,
,,,,,,,,,,,
,,,,,,,,,,,
,,,,,,,,,,,
,,,,,,,,,,,
,,,,,,,,,,,
,,,,,,,,,,,
,,,,,,,,,,,
,,,,,,,,,,,
,,,,,,,,,,,
,,,,,,,,,,,
,,,,,,,,,,,
,,,,,,,,,,,
,,,,,,,,,,,
,,,,,,,,,,,
,,,,,,,,,,,
,,,,,,,,,,,
,,,,,,,,,,,
,,,,,,,,,,,
,,,,,,,,,,,
,,,,,,,,,,,
,,,,,,,,,,,
,,,,,,,,,,,
,,,,,,,,,,,
,,,,,,,,,,,
,,,,,,,,,,,
,,,,,,,,,,,
,,,,,,,,,,,
,,,,,,,,,,,
,,,,,,,,,,,
,,,,,,,,,,,
,,,,,,,,,,,
,,,,,,,,,,,
,,,,,,,,,,,
,,,,,,,,,,,
,,,,,,,,,,,
,,,,,,,,,,,
,,,,,,,,,,,
,,,,,,,,,,,
,,,,,,,,,,,
,,,,,,,,,,,
,,,,,,,,,,,
,,,,,,,,,,,
,,,,,,,,,,,
,,,,,,,,,,,
,,,,,,,,,,,
,,,,,,,,,,,
,,,,,,,,,,,
,,,,,,,,,,,
,,,,,,,,,,,
,,,,,,,,,,,
,,,,,,,,,,,
,,,,,,,,,,,
,,,,,,,,,,,
,,,,,,,,,,,
,,,,,,,,,,,
,,,,,,,,,,,
,,,,,,,,,,,
,,,,,,,,,,,
,,,,,,,,,,,
,,,,,,,,,,,
,,,,,,,,,,,
,,,,,,,,,,,
,,,,,,,,,,,
,,,,,,,,,,,
,,,,,,,,,,,
,,,,,,,,,,,
,,,,,,,,,,,
,,,,,,,,,,,
,,,,,,,,,,,
,,,,,,,,,,,
,,,,,,,,,,,
,,,,,,,,,,,
,,,,,,,,,,,
,,,,,,,,,,,
,,,,,,,,,,,
,,,,,,,,,,,
,,,,,,,,,,,
,,,,,,,,,,,
,,,,,,,,,,,
,,,,,,,,,,,
,,,,,,,,,,,
,,,,,,,,,,,
,,,,,,,,,,,
,,,,,,,,,,,
,,,,,,,,,,,
,,,,,,,,,,,
,,,,,,,,,,,
,,,,,,,,,,,
,,,,,,,,,,,
,,,,,,,,,,,
,,,,,,,,,,,
,,,,,,,,,,,
,,,,,,,,,,,
,,,,,,,,,,,
,,,,,,,,,,,
,,,,,,,,,,,
,,,,,,,,,,,
,,,,,,,,,,,
,,,,,,,,,,,
,,,,,,,,,,,
,,,,,,,,,,,
,,,,,,,,,,,
,,,,,,,,,,,
,,,,,,,,,,,
,,,,,,,,,,,
,,,,,,,,,,,
,,,,,,,,,,,
,,,,,,,,,,,
,,,,,,,,,,,
,,,,,,,,,,,
,,,,,,,,,,,
,,,,,,,,,,,
,,,,,,,,,,,
,,,,,,,,,,,
,,,,,,,,,,,
,,,,,,,,,,,
,,,,,,,,,,,
,,,,,,,,,,,
,,,,,,,,,,,
,,,,,,,,,,,
,,,,,,,,,,,
,,,,,,,,,,,
,,,,,,,,,,,
,,,,,,,,,,,
,,,,,,,,,,,
,,,,,,,,,,,
,,,,,,,,,,,
,,,,,,,,,,,
,,,,,,,,,,,
,,,,,,,,,,,
,,,,,,,,,,,
,,,,,,,,,,,
,,,,,,,,,,,
,,,,,,,,,,,
,,,,,,,,,,,
,,,,,,,,,,,
,,,,,,,,,,,
,,,,,,,,,,,
,,,,,,,,,,,
,,,,,,,,,,,
,,,,,,,,,,,
,,,,,,,,,,,
,,,,,,,,,,,
,,,,,,,,,,,
,,,,,,,,,,,
,,,,,,,,,,,
,,,,,,,,,,,
,,,,,,,,,,,
,,,,,,,,,,,
,,,,,,,,,,,
,,,,,,,,,,,
,,,,,,,,,,,
,,,,,,,,,,,
,,,,,,,,,,,
,,,,,,,,,,,
,,,,,,,,,,,
,,,,,,,,,,,
,,,,,,,,,,,
,,,,,,,,,,,
,,,,,,,,,,,
,,,,,,,,,,,
,,,,,,,,,,,
,,,,,,,,,,,
,,,,,,,,,,,
,,,,,,,,,,,
,,,,,,,,,,,
,,,,,,,,,,,
,,,,,,,,,,,
,,,,,,,,,,,
,,,,,,,,,,,
,,,,,,,,,,,
,,,,,,,,,,,
,,,,,,,,,,,
,,,,,,,,,,,
,,,,,,,,,,,
,,,,,,,,,,,
,,,,,,,,,,,
,,,,,,,,,,,
,,,,,,,,,,,
,,,,,,,,,,,
,,,,,,,,,,,
,,,,,,,,,,,
,,,,,,,,,,,
,,,,,,,,,,,
,,,,,,,,,,,
,,,,,,,,,,,
,,,,,,,,,,,
,,,,,,,,,,,
,,,,,,,,,,,
,,,,,,,,,,,
,,,,,,,,,,,
,,,,,,,,,,,
,,,,,,,,,,,
,,,,,,,,,,,
,,,,,,,,,,,
,,,,,,,,,,,
,,,,,,,,,,,
,,,,,,,,,,,
,,,,,,,,,,,
,,,,,,,,,,,
,,,,,,,,,,,
,,,,,,,,,,,
,,,,,,,,,,,
,,,,,,,,,,,
,,,,,,,,,,,
,,,,,,,,,,,
,,,,,,,,,,,
,,,,,,,,,,,
,,,,,,,,,,,
,,,,,,,,,,,
,,,,,,,,,,,
,,,,,,,,,,,
,,,,,,,,,,,
,,,,,,,,,,,
,,,,,,,,,,,
,,,,,,,,,,,
,,,,,,,,,,,
,,,,,,,,,,,
,,,,,,,,,,,
,,,,,,,,,,,
,,,,,,,,,,,
,,,,,,,,,,,
,,,,,,,,,,,
,,,,,,,,,,,
,,,,,,,,,,,
,,,,,,,,,,,
,,,,,,,,,,,
,,,,,,,,,,,
,,,,,,,,,,,
,,,,,,,,,,,
,,,,,,,,,,,
,,,,,,,,,,,
,,,,,,,,,,,
,,,,,,,,,,,
,,,,,,,,,,,
,,,,,,,,,,,
,,,,,,,,,,,
,,,,,,,,,,,
,,,,,,,,,,,
,,,,,,,,,,,
,,,,,,,,,,,
,,,,,,,,,,,
,,,,,,,,,,,
,,,,,,,,,,,
,,,,,,,,,,,
,,,,,,,,,,,
,,,,,,,,,,,
,,,,,,,,,,,
,,,,,,,,,,,
,,,,,,,,,,,
,,,,,,,,,,,
,,,,,,,,,,,
,,,,,,,,,,,
,,,,,,,,,,,
,,,,,,,,,,,
,,,,,,,,,,,
,,,,,,,,,,,
,,,,,,,,,,,
,,,,,,,,,,,
,,,,,,,,,,,
,,,,,,,,,,,
,,,,,,,,,,,
,,,,,,,,,,,
,,,,,,,,,,,
,,,,,,,,,,,
,,,,,,,,,,,
,,,,,,,,,,,
,,,,,,,,,,,
,,,,,,,,,,,
,,,,,,,,,,,
,,,,,,,,,,,
,,,,,,,,,,,
,,,,,,,,,,,
,,,,,,,,,,,
,,,,,,,,,,,
,,,,,,,,,,,
,,,,,,,,,,,
,,,,,,,,,,,
,,,,,,,,,,,
,,,,,,,,,,,
,,,,,,,,,,,
,,,,,,,,,,,
,,,,,,,,,,,
,,,,,,,,,,,
,,,,,,,,,,,
,,,,,,,,,,,
,,,,,,,,,,,
,,,,,,,,,,,
,,,,,,,,,,,
,,,,,,,,,,,
,,,,,,,,,,,
,,,,,,,,,,,
,,,,,,,,,,,
,,,,,,,,,,,
,,,,,,,,,,,
,,,,,,,,,,,
,,,,,,,,,,,
,,,,,,,,,,,
,,,,,,,,,,,
,,,,,,,,,,,
,,,,,,,,,,,
,,,,,,,,,,,
,,,,,,,,,,,
,,,,,,,,,,,
,,,,,,,,,,,
,,,,,,,,,,,
,,,,,,,,,,,
,,,,,,,,,,,
,,,,,,,,,,,
,,,,,,,,,,,
,,,,,,,,,,,
,,,,,,,,,,,
,,,,,,,,,,,
,,,,,,,,,,,
,,,,,,,,,,,
,,,,,,,,,,,
,,,,,,,,,,,
,,,,,,,,,,,
,,,,,,,,,,,
,,,,,,,,,,,
,,,,,,,,,,,
,,,,,,,,,,,
,,,,,,,,,,,
,,,,,,,,,,,
,,,,,,,,,,,
,,,,,,,,,,,
,,,,,,,,,,,
,,,,,,,,,,,
,,,,,,,,,,,
,,,,,,,,,,,
,,,,,,,,,,,
,,,,,,,,,,,
,,,,,,,,,,,
,,,,,,,,,,,
,,,,,,,,,,,
,,,,,,,,,,,
,,,,,,,,,,,
,,,,,,,,,,,
,,,,,,,,,,,
,,,,,,,,,,,
,,,,,,,,,,,
,,,,,,,,,,,
,,,,,,,,,,,
,,,,,,,,,,,
,,,,,,,,,,,
,,,,,,,,,,,
,,,,,,,,,,,
,,,,,,,,,,,
,,,,,,,,,,,
,,,,,,,,,,,
,,,,,,,,,,,
,,,,,,,,,,,
,,,,,,,,,,,
,,,,,,,,,,,
,,,,,,,,,,,
,,,,,,,,,,,
,,,,,,,,,,,
,,,,,,,,,,,
,,,,,,,,,,,
,,,,,,,,,,,
,,,,,,,,,,,
,,,,,,,,,,,
,,,,,,,,,,,
,,,,,,,,,,,
,,,,,,,,,,,
,,,,,,,,,,,
,,,,,,,,,,,
,,,,,,,,,,,
,,,,,,,,,,,
,,,,,,,,,,,
,,,,,,,,,,,
,,,,,,,,,,,
,,,,,,,,,,,
,,,,,,,,,,,
,,,,,,,,,,,
,,,,,,,,,,,
,,,,,,,,,,,
,,,,,,,,,,,
,,,,,,,,,,,
,,,,,,,,,,,
,,,,,,,,,,,
,,,,,,,,,,,
,,,,,,,,,,,
,,,,,,,,,,,
,,,,,,,,,,,
,,,,,,,,,,,
,,,,,,,,,,,
,,,,,,,,,,,
,,,,,,,,,,,
,,,,,,,,,,,
,,,,,,,,,,,
,,,,,,,,,,,
,,,,,,,,,,,
,,,,,,,,,,,
,,,,,,,,,,,
,,,,,,,,,,,
,,,,,,,,,,,
,,,,,,,,,,,
,,,,,,,,,,,
,,,,,,,,,,,
,,,,,,,,,,,
,,,,,,,,,,,
,,,,,,,,,,,
,,,,,,,,,,,
,,,,,,,,,,,
,,,,,,,,,,,
,,,,,,,,,,,
,,,,,,,,,,,
,,,,,,,,,,,
,,,,,,,,,,,
,,,,,,,,,,,
,,,,,,,,,,,
,,,,,,,,,,,
,,,,,,,,,,,
,,,,,,,,,,,
,,,,,,,,,,,
,,,,,,,,,,,
,,,,,,,,,,,
,,,,,,,,,,,
,,,,,,,,,,,
,,,,,,,,,,,
,,,,,,,,,,,
,,,,,,,,,,,
,,,,,,,,,,,
,,,,,,,,,,,
,,,,,,,,,,,
,,,,,,,,,,,
,,,,,,,,,,,
,,,,,,,,,,,
,,,,,,,,,,,
,,,,,,,,,,,
,,,,,,,,,,,
,,,,,,,,,,,
,,,,,,,,,,,
,,,,,,,,,,,
,,,,,,,,,,,
,,,,,,,,,,,
,,,,,,,,,,,
,,,,,,,,,,,
,,,,,,,,,,,
,,,,,,,,,,,
,,,,,,,,,,,
,,,,,,,,,,,
,,,,,,,,,,,
,,,,,,,,,,,
,,,,,,,,,,,
,,,,,,,,,,,
,,,,,,,,,,,
,,,,,,,,,,,
,,,,,,,,,,,
,,,,,,,,,,,
,,,,,,,,,,,
,,,,,,,,,,,
,,,,,,,,,,,
,,,,,,,,,,,
,,,,,,,,,,,
,,,,,,,,,,,
,,,,,,,,,,,
,,,,,,,,,,,
,,,,,,,,,,,
,,,,,,,,,,,
,,,,,,,,,,,
,,,,,,,,,,,
,,,,,,,,,,,
,,,,,,,,,,,
,,,,,,,,,,,
,,,,,,,,,,,
,,,,,,,,,,,
,,,,,,,,,,,
,,,,,,,,,,,
,,,,,,,,,,,
,,,,,,,,,,,
,,,,,,,,,,,
,,,,,,,,,,,
,,,,,,,,,,,
,,,,,,,,,,,
,,,,,,,,,,,
,,,,,,,,,,,
,,,,,,,,,,,
,,,,,,,,,,,
,,,,,,,,,,,
,,,,,,,,,,,
,,,,,,,,,,,
,,,,,,,,,,,
,,,,,,,,,,,
,,,,,,,,,,,
,,,,,,,,,,,
,,,,,,,,,,,
,,,,,,,,,,,
,,,,,,,,,,,
,,,,,,,,,,,
,,,,,,,,,,,
,,,,,,,,,,,
,,,,,,,,,,,
,,,,,,,,,,,
,,,,,,,,,,,
,,,,,,,,,,,
,,,,,,,,,,,
,,,,,,,,,,,
,,,,,,,,,,,
,,,,,,,,,,,
,,,,,,,,,,,
,,,,,,,,,,,
,,,,,,,,,,,
,,,,,,,,,,,
,,,,,,,,,,,
,,,,,,,,,,,
,,,,,,,,,,,
,,,,,,,,,,,
,,,,,,,,,,,
,,,,,,,,,,,
,,,,,,,,,,,
,,,,,,,,,,,
,,,,,,,,,,,
,,,,,,,,,,,
,,,,,,,,,,,
,,,,,,,,,,,
,,,,,,,,,,,
,,,,,,,,,,,
,,,,,,,,,,,
,,,,,,,,,,,
,,,,,,,,,,,
,,,,,,,,,,,
,,,,,,,,,,,
,,,,,,,,,,,
,,,,,,,,,,,
,,,,,,,,,,,
,,,,,,,,,,,
,,,,,,,,,,,
,,,,,,,,,,,
,,,,,,,,,,,
,,,,,,,,,,,
,,,,,,,,,,,
,,,,,,,,,,,
,,,,,,,,,,,
,,,,,,,,,,,
,,,,,,,,,,,
,,,,,,,,,,,
,,,,,,,,,,,
,,,,,,,,,,,
,,,,,,,,,,,
,,,,,,,,,,,
,,,,,,,,,,,
,,,,,,,,,,,
,,,,,,,,,,,
,,,,,,,,,,,
,,,,,,,,,,,
,,,,,,,,,,,
,,,,,,,,,,,
,,,,,,,,,,,
,,,,,,,,,,,
,,,,,,,,,,,
,,,,,,,,,,,
,,,,,,,,,,,
,,,,,,,,,,,
,,,,,,,,,,,
,,,,,,,,,,,
,,,,,,,,,,,
,,,,,,,,,,,
,,,,,,,,,,,
,,,,,,,,,,,
,,,,,,,,,,,
,,,,,,,,,,,
,,,,,,,,,,,
,,,,,,,,,,,
,,,,,,,,,,,
,,,,,,,,,,,
,,,,,,,,,,,
,,,,,,,,,,,
,,,,,,,,,,,
,,,,,,,,,,,
,,,,,,,,,,,
,,,,,,,,,,,
,,,,,,,,,,,
,,,,,,,,,,,
,,,,,,,,,,,
,,,,,,,,,,,
,,,,,,,,,,,
,,,,,,,,,,,
,,,,,,,,,,,
,,,,,,,,,,,
,,,,,,,,,,,
,,,,,,,,,,,
,,,,,,,,,,,
,,,,,,,,,,,
,,,,,,,,,,,
,,,,,,,,,,,
,,,,,,,,,,,
,,,,,,,,,,,
,,,,,,,,,,,
,,,,,,,,,,,
,,,,,,,,,,,
,,,,,,,,,,,
,,,,,,,,,,,
,,,,,,,,,,,
,,,,,,,,,,,
,,,,,,,,,,,
,,,,,,,,,,,
,,,,,,,,,,,
,,,,,,,,,,,
,,,,,,,,,,,
,,,,,,,,,,,
,,,,,,,,,,,
,,,,,,,,,,,
,,,,,,,,,,,
,,,,,,,,,,,
,,,,,,,,,,,
,,,,,,,,,,,
,,,,,,,,,,,
,,,,,,,,,,,
,,,,,,,,,,,
,,,,,,,,,,,
,,,,,,,,,,,
,,,,,,,,,,,
,,,,,,,,,,,
,,,,,,,,,,,
,,,,,,,,,,,
,,,,,,,,,,,
,,,,,,,,,,,
,,,,,,,,,,,
,,,,,,,,,,,
,,,,,,,,,,,
,,,,,,,,,,,
,,,,,,,,,,,
,,,,,,,,,,,
,,,,,,,,,,,
,,,,,,,,,,,
,,,,,,,,,,,
,,,,,,,,,,,
,,,,,,,,,,,
,,,,,,,,,,,
,,,,,,,,,,,
,,,,,,,,,,,
,,,,,,,,,,,
,,,,,,,,,,,
,,,,,,,,,,,
,,,,,,,,,,,
,,,,,,,,,,,
,,,,,,,,,,,
,,,,,,,,,,,
,,,,,,,,,,,
,,,,,,,,,,,
,,,,,,,,,,,
,,,,,,,,,,,
,,,,,,,,,,,
,,,,,,,,,,,
,,,,,,,,,,,
,,,,,,,,,,,
,,,,,,,,,,,
,,,,,,,,,,,
,,,,,,,,,,,
,,,,,,,,,,,
,,,,,,,,,,,
,,,,,,,,,,,
,,,,,,,,,,,
,,,,,,,,,,,
,,,,,,,,,,,
,,,,,,,,,,,
,,,,,,,,,,,
,,,,,,,,,,,
,,,,,,,,,,,
,,,,,,,,,,,
,,,,,,,,,,,
,,,,,,,,,,,
,,,,,,,,,,,
,,,,,,,,,,,
,,,,,,,,,,,
,,,,,,,,,,,
,,,,,,,,,,,
,,,,,,,,,,,
,,,,,,,,,,,
,,,,,,,,,,,
,,,,,,,,,,,
,,,,,,,,,,,
,,,,,,,,,,,
,,,,,,,,,,,
,,,,,,,,,,,
,,,,,,,,,,,
,,,,,,,,,,,
,,,,,,,,,,,
,,,,,,,,,,,
,,,,,,,,,,,
,,,,,,,,,,,
,,,,,,,,,,,
,,,,,,,,,,,
,,,,,,,,,,,
,,,,,,,,,,,
,,,,,,,,,,,
,,,,,,,,,,,
,,,,,,,,,,,
,,,,,,,,,,,
,,,,,,,,,,,
,,,,,,,,,,,
,,,,,,,,,,,
,,,,,,,,,,,
,,,,,,,,,,,
,,,,,,,,,,,
,,,,,,,,,,,
,,,,,,,,,,,
,,,,,,,,,,,
,,,,,,,,,,,
,,,,,,,,,,,
,,,,,,,,,,,
,,,,,,,,,,,
,,,,,,,,,,,
,,,,,,,,,,,
,,,,,,,,,,,
,,,,,,,,,,,
,,,,,,,,,,,
,,,,,,,,,,,
,,,,,,,,,,,
,,,,,,,,,,,
,,,,,,,,,,,
,,,,,,,,,,,
,,,,,,,,,,,
,,,,,,,,,,,
,,,,,,,,,,,
,,,,,,,,,,,
,,,,,,,,,,,
,,,,,,,,,,,
,,,,,,,,,,,
,,,,,,,,,,,
,,,,,,,,,,,
,,,,,,,,,,,
,,,,,,,,,,,
,,,,,,,,,,,
,,,,,,,,,,,
,,,,,,,,,,,
,,,,,,,,,,,
,,,,,,,,,,,
,,,,,,,,,,,
,,,,,,,,,,,
,,,,,,,,,,,
,,,,,,,,,,,
,,,,,,,,,,,
,,,,,,,,,,,
,,,,,,,,,,,
,,,,,,,,,,,
,,,,,,,,,,,
,,,,,,,,,,,
,,,,,,,,,,,
,,,,,,,,,,,
,,,,,,,,,,,
,,,,,,,,,,,
,,,,,,,,,,,
,,,,,,,,,,,
,,,,,,,,,,,
,,,,,,,,,,,
,,,,,,,,,,,
,,,,,,,,,,,
,,,,,,,,,,,
,,,,,,,,,,,
,,,,,,,,,,,
,,,,,,,,,,,
,,,,,,,,,,,
,,,,,,,,,,,
,,,,,,,,,,,
,,,,,,,,,,,
,,,,,,,,,,,
,,,,,,,,,,,
,,,,,,,,,,,
,,,,,,,,,,,
